n_name,revenue
INDIA,2.1349256662489002E9
VIETNAM,2.1134231033381982E9
JAPAN,2.1089377996120985E9
INDONESIA,2.102610359835599E9
CHINA,2.102536044411498E9
