cntrycode,count(c_acctbal),sum(c_acctbal)
13,36226,2.711012355199996E8
17,36479,2.7388348461000013E8
18,36668,2.748903690099997E8
23,36046,2.7015549183999985E8
29,36576,2.7454333917000014E8
30,36574,2.7439038455E8
31,36234,2.7169865111E8
