supp_nation,cust_nation,l_year,revenue
FRANCE,GERMANY,1995,2.1145593023558016E9
FRANCE,GERMANY,1996,2.135545729066901E9
GERMANY,FRANCE,1995,2.1191091632029994E9
GERMANY,FRANCE,1996,2.1296272062589998E9
