o_year,(sum(case_volume) / sum(volume))
1995,0.039129474678120314
1996,0.04019796973882068
